"File Name","Phase","Type","Status","Priority","Dependencies","Last Updated"
"playwright.config.ts","Phase 1","Config","✅ Complete","Critical","tsconfig.json; package.json","2026-06-08"
"smoke.config.ts","Phase 1","Config","⬜ Not Started","High","playwright.config.ts","2026-06-08"
"tsconfig.json","Phase 1","Config","⬜ Not Started","Critical","","2026-06-08"
".env.example","Phase 1","Config","⬜ Not Started","High","","2026-06-08"
"package.json","Phase 1","Config","⬜ Not Started","Critical","","2026-06-08"
"environment.config.ts","Phase 2","Config","⬜ Not Started","High",".env.example; package.json","2026-06-08"
"driver.config.ts","Phase 2","Config","⬜ Not Started","High","environment.config.ts; package.json","2026-06-08"
"timeout.config.ts","Phase 2","Config","⬜ Not Started","Medium","","2026-06-08"
"Logger.ts","Phase 2","Helper","⬜ Not Started","High","environment.config.ts","2026-06-08"
"constants.ts","Phase 2","Helper","⬜ Not Started","Medium","","2026-06-08"
"BasePage.ts","Phase 3","Page Object","⬜ Not Started","Critical","Logger.ts; constants.ts; timeout.config.ts","2026-06-08"
"LoginPage.ts","Phase 3","Page Object","⬜ Not Started","High","BasePage.ts; constants.ts","2026-06-08"
"DashboardPage.ts","Phase 3","Page Object","⬜ Not Started","High","BasePage.ts; constants.ts","2026-06-08"
"BaseHelper.ts","Phase 4","Helper","⬜ Not Started","High","Logger.ts","2026-06-08"
"BrowserHelper.ts","Phase 4","Helper","⬜ Not Started","Medium","BaseHelper.ts; Logger.ts","2026-06-08"
"WaitHelper.ts","Phase 4","Helper","⬜ Not Started","High","BaseHelper.ts; timeout.config.ts; Logger.ts","2026-06-08"
"LoggerHelper.ts","Phase 4","Helper","⬜ Not Started","Medium","BaseHelper.ts; Logger.ts","2026-06-08"
"BaseAPIClient.ts","Phase 5","API","⬜ Not Started","Critical","Logger.ts; timeout.config.ts; environment.config.ts","2026-06-08"
"endpoints.yaml","Phase 5","API","⬜ Not Started","High","","2026-06-08"
"EndpointsConfig.ts","Phase 5","API","⬜ Not Started","High","endpoints.yaml; environment.config.ts","2026-06-08"
"UserAPIClient.ts","Phase 5","API","⬜ Not Started","High","BaseAPIClient.ts; EndpointsConfig.ts; Logger.ts","2026-06-08"
"OrderAPIClient.ts","Phase 5","API","⬜ Not Started","High","BaseAPIClient.ts; EndpointsConfig.ts; Logger.ts","2026-06-08"
"UserFactory.ts","Phase 6","Factory","⬜ Not Started","High","Logger.ts","2026-06-08"
"PayloadFactory.ts","Phase 6","Factory","⬜ Not Started","High","Logger.ts","2026-06-08"
"testData.json","Phase 6","Factory","⬜ Not Started","Medium","","2026-06-08"
"database.seed.ts","Phase 6","Factory","⬜ Not Started","Medium","testData.json; UserAPIClient.ts; OrderAPIClient.ts","2026-06-08"
"UserSchema.ts","Phase 7","Schema","⬜ Not Started","High","","2026-06-08"
"OrderSchema.ts","Phase 7","Schema","⬜ Not Started","High","","2026-06-08"
"PayloadSchema.ts","Phase 7","Schema","⬜ Not Started","Medium","","2026-06-08"
"test.fixtures.ts","Phase 8","Test","⬜ Not Started","Critical","BasePage.ts; Logger.ts; BrowserHelper.ts","2026-06-08"
"hooks.ts","Phase 8","Test","⬜ Not Started","High","Logger.ts; test.fixtures.ts","2026-06-08"
"login.spec.ts","Phase 9","Test","⬜ Not Started","Critical","LoginPage.ts; test.fixtures.ts; hooks.ts","2026-06-08"
"dashboard.spec.ts","Phase 9","Test","⬜ Not Started","High","DashboardPage.ts; test.fixtures.ts; hooks.ts","2026-06-08"
"users.spec.ts","Phase 9","Test","⬜ Not Started","High","UserAPIClient.ts; UserSchema.ts; test.fixtures.ts","2026-06-08"
"orders.spec.ts","Phase 9","Test","⬜ Not Started","High","OrderAPIClient.ts; OrderSchema.ts; test.fixtures.ts","2026-06-08"
"smoke-tests.yml","Phase 10","CI/CD","⬜ Not Started","High","smoke.config.ts; package.json","2026-06-08"
"full-tests.yml","Phase 10","CI/CD","⬜ Not Started","High","playwright.config.ts; package.json","2026-06-08"
"Jenkinsfile","Phase 10","CI/CD","⬜ Not Started","Medium","package.json; playwright.config.ts","2026-06-08"
"jenkins/scripts/","Phase 10","CI/CD","⬜ Not Started","Medium","Jenkinsfile; package.json","2026-06-08"
"Dockerfile","Phase 11","Docker","⬜ Not Started","High","package.json; playwright.config.ts","2026-06-08"
"docker-compose.yml","Phase 11","Docker","⬜ Not Started","High","Dockerfile; .env.example","2026-06-08"
"ARCHITECTURE.md","Phase 12","Docs","⬜ Not Started","Medium","","2026-06-08"
"API_TESTING.md","Phase 12","Docs","⬜ Not Started","Medium","","2026-06-08"
"TEST_DATA.md","Phase 12","Docs","⬜ Not Started","Medium","","2026-06-08"
"eslint.config.js","Phase 12","Config","⬜ Not Started","Low","package.json","2026-06-08"
"prettier.config.js","Phase 12","Config","⬜ Not Started","Low","package.json","2026-06-08"
